ODSI,Partners,List of Partners
Animal Telemetry Network,Yes,"FACT Network; Atlantic Coast Telemetry (ACT) Network; Southern California Acoustic Telemetry Tracking Network (SCATTN); Wood Hole Group Argos Services Team, participating researchers; Interagency Ocean Observation Committee (IOOC) member agencies; IOOS Program Office; IOOS Regional Associations; other experts"
Argo,Yes,International Oceanographic Commission (IOC)
BlueBRIDGE,Yes,National Research Council of Italy; European Research Consortium for Informatics and Mathematics (ERCIM); Engineering Ingegneria Informatica Spa; National and Kapodistrian University of Athens (UOA); The Food and Agriculture Organization of the United Nations (FAO); International Council for the Exploration of the Sea (ICES); Institut de Recherche pour le Dévelopement (IRD); Foundation for Research and Technology Hellas (FORTH); Trust-IT Services LTD; Integrated Information Systems (I2S); Communication & Information Technologies Experts (CITE); Collecte Localisation Satellites (CLS); GRID-Arendal; Pole Mer Bretagne Atlantique
C4ADS Natural Resources Cell,Yes,"Hon. April Foley; John Callery; Joe D'Cruz; LTG (Ret.) David P. Fridovich; Newton Howard, PHD, HDR; Sergey Kanareykin; John Pearce; Archie Ravishankar; Palantir; Amazon Web Services (AWS); Windward; Planet; Spire; Fivecast; ADS-B Exchange; Unfolded; Bright Data; DomainTools; Greylist"
Canada's Dark Vessel Detection Program,Yes,Department of National Defence; Defence Research and Development Canada’s Centre for Security Science' Global Affairs Canada; MDA; Forum Fisheries Agency; Ecuadorian Maritime Authority; National Directorate of Aquatic Spaces
CCAMLR Data,Yes,University of Tasmania; FAO (FAO) Coordinating Working Party on Fisheries Statistics (CWP); Fishery Resources Monitoring System (FIRMS); Scientific Committee on Antarctic Research Marine Biodiversity Information Network (SCAR-MarBIN); Global Database on Vulnerable Marine Ecosystems (FAO initiative) 'Cooperations:' Agreement for the Conservation of Albatrosses and Petrels (ACAP); Commission for the Conservation of Southern Bluefin Tuna (CCSBT); Committee for Environmental Protection (CEP); Convention for the International Trade in Endangered Species (CITES); Permanent Commission for the South Pacific (CPPS); United Nations Food and Agriculture Organisation (FAO); Pacific Islands Forum Fisheries Agency (FFA); Inter-American Tropical Tuna Commission (IATTC); Intergovernmental Oceanographic Commission (IOC); International Union for the Conservation of Nature (IUCN); International Whaling Commission (IWC); Scientific Committee on Antarctic Research (SCAR); Scientific Committee on Oceanic Research (SCOR); South East Atlantic Fisheries Organisation (SEAFO); Secretariat for the Pacific Community (SPC); South Pacific Regional Fisheries Management Organisation (SPRFMO); Southern Indian Ocean Fisheries Agreement (SIOFA) United Nations Environment Programme (UNEP); Western and Central Pacific Fisheries Commission (WCPFC)
Ecologically or Biologically Significant Marine Areas,Yes,"AEON Environmental Foundation; African Centre for Technology Studies (ACTS); Agropolis International; Airbus S.A.S.; Alpine Convention; American Bird Conservancy Alliance for Zero Extinction (AZE) (ABC); Anatrack; Arab Organization for Agricultural Development (AOAD); ASEAN Centre for Biodiversity (ACB); Asociación Latinoamericana de Integración (ALADI); Biodiversity Center Ministry of the Environment; BioNET-INTERNATIONAL; Bioversity International; BirdLife International; Botanic Gardens Conservation International (BGCI); Botanical Gardens Montreal (Canada); Botanische Gärten der Rheinischen Friedrich-Wilhelms-Universität Bonn; CABI (CABI); Canadian Environmental Network (RCEN); Canadian Forest Service; Carleton University (Canada); Carpathian Convention; CBD Alliance; Census of Marine Life (CMoL); Center for International Forestry Research (CIFOR); Centre for International Sustainable Development Law (CISDL); Centro Internacional de Agricultura Tropical (CIAT); Comisión Nacional para el Conocimiento y Uso de la Biodiversidad (CONABIO); Comisión Permanente del Pacífico Sur (CPPS); Concordia University; Conservation International (CI); Conservation of Arctic Flora and Fauna (CAFF); Consultative Group on International Agricultural Research (CGIAR); Convention for the Protection and Development of the Marine environment of the Wider Caribbean Region (Cartagena Convention); Convention on International Trade in Endangered Species of Wild Fauna and Flora (CITES); Convention on the Conservation of European Wildlife and Natural Habitats (Bern Convention) Council of Europe (Bern Convention); Convention on the Conservation of Migratory Species of Wild Animals (CMS); Convention on the Conservation of Migratory Species of Wild Animals (CMS); Deutsche Gesellschaft für Internationale Zusammenarbeit (GIZ) GmbH (GIZ); DIVERSITAS. Earth Rangers; École des Hautres Études Commerciales (HEC-Alger); Environment Canada; Federal Agency for Nature Conservation (Germany) (BfN); Federal Ministry for Economic Cooperation and Development (BMZ); Fishbase Information and Research Group (FIN); Folk Research Centre; Food and Agriculture Organization of the United Nations (FAO); Foundation for International Environmental Law and Development (FIELD); Future Earth International; Genetic Resources Communications Systems Inc.; Diversity (GRCS Diversity); Global Biodiversity Information Facility (GBIF); Global Environment Facility (GEF); Global International Waters Assessment (UNEP/GIWA); Global Invasive Species Programme - Secretariat (GISP); Global Programme of Action for the Protection of the Marine Environment from Land-Based Activities (UNEP/GPA); Green Belt Movement; GRID-Arendal; United Nations Environment Programme (UNEP/GRID-Arendal); Group on Earth Observations (GEO); Healthy Urban Microbiome Initiative (HUMI); Higashiyama Botanical Gardens Horus Institute for Environmental Conservation and Development; ICI Environment; ICLEI - Local Governments for Sustainability (ICLEI); Indigenous Women's Biodiversity Network - Latin America & Caribbbean; Information and Communication Centre of the Barcelona Convention; Institut de l'Énergie et de l'Environnement de la Francophonie; Institute for Global Environmental Strategies (IGES); Instituto Alexander Von Humboldt; Instituto Nacional de Biodiversidad (INBio); Instituto Superiore per la Protezione e la Ricerca Ambientale (ISPRA); Inter-American Biodiversity Information Network (IABIN); Intergovernmental Oceanographic Commission UNESCO (IOC/UNESCO); Intergovernmental Platform on Biodiversity and Ecosystem Services (IPBES); International Association for Impact Assessment (IAIA); International Barcode of Life (iBOL); International Centre for Genetic Engineering and Biotechnology (ICGEB); International Civil Aviation Organization (ICAO); International Development Law Organization (IDLO); International Federation of Agricultural Producers (IFAP); International Fund for Agricultural Development (IFAD); International Ocean Institute (IOI); International Plant Genetic Resources Institute (IPGRI); International Plant Protection Convention Secretariat (FAO/IPPC); International Treaty on Plant Genetic Resources for Food and Agriculture FAO (ITPGRFA); International Tropical Timber Organization (ITTO); International Union of Biological Sciences (IUBS); IUCN - Countdown 2010; IUCN - International Union for Conservation of Nature (IUCN); IUCN Species Survival Commission; Japan Committee for IUCN (IUCN-J); Joint Nature Conservation Committee (JNCC); Kobe University; Korea Forest Service; Leibniz-Institut für Evolutions und Biodiversitätsforschung - Museum für Naturkunde - Humboldt-Universität zu Berlin; McGill University; Minister of Housing; Spatial Planning and the Environment; Ministry for Economic Cooperation and Development (Germany); Ministry of Agriculture; Nature and Food Quality (ANF); Ministry of Agriculture; Nature Management and Fisheries (Netherlands); Ministry of Agriculture; Sea; Environment and Spatial Planning; Ministry of Oceans and Fisheries of the Republic of Korea; Missouri Botanical Garden; Museum National d'Histoire Naturelle (France); National Commission for the Knowledge and Use of Biodiversity (CONABIO); National Commission for Wildlife Conservation and Development (NCWCD); National Geographic Society; National Institute of Biological Resources (NIBR); Natural History Museum; NatureServe; New Partnership for Africa's Development (NEPAD); Observatoire du Sahara et du Sahel (OSS); Organization for Economic Co-operation and Development (OECD); Organization for Industrial; Spiritual; Cultural Advancement International (OISCA); Pan-European Biological and Landscape Diversity Strategy (PEBLDS); Partnerships in Environmental Management for the Seas of East Asia (PEMSEA); Permanent Secretariat of the Amazon Cooperation Treaty Organization (ACTO-OTCA); Programme régional de Conservation de la zone Côtière et Marine en Afrique de l’Ouest (PRCM); Ramsar Convention on Wetlands (Ramsar); RARE Conservation; Royal Belgian Institute of Natural Sciences; Royal Botanic Garden of Edinburgh; Royal Botanic Gardens; Kew; Secretaría de Medio Ambiente y Recursos Naturales; Secretariat of the Pacific Regional Environment Programme (SPREP); Sedna Foundation (SEDNA); Smithsonian Institution; South African National Biodiversity Institute (SANBI); State of Parana; Stockholm University (SRC); Tehran Process Secretariat for Low Forest Cover Countries (TPS LFCC); The Government of the Republic of South Africa; The Nature Conservancy (TNC); The Union for Ethical BioTrade (UEBT); Tourisme Montréal; TRAFFIC International; UNEP Division of Environmental Law and Conventions (UNEP/DELC); UNEP Mediterranean Action Plan for the Barcelona Convention (UNEP/MAP); UNEP World Conservation Monitoring Centre (UNEP-WCMC); United Nations Conference on Trade and Development (UNCTAD); United Nations Convention to Combat Desertification (UNCCD); United Nations Development Programme (UNDP); United Nations Development Programme/Drylands Development Centre (UNDP - DDC); United Nations Economic Commission for Africa (UNECA); United Nations Economic Commission for Europe (UNECE); United Nations Economic Commission for Latin America and the Caribbean (UNECLAC); United Nations Educational; Scientific and Cultural Organization (UNESCO); United Nations Environment Programme (UNEP); United Nations Forum on Forests (UNFF); United Nations Foundation; United Nations Human Settlements Programme (UN-HABITAT); United Nations Industrial Development Organization (UNIDO); United Nations Institute for Training and Research (UNITAR); United Nations University - Institute of Advanced Studies (UNU-IAS); United Nations University - International Institute for Global Health (UNU-IIGH); United Nations World Tourism Organization (UNWTO); United States Department of Agriculture; Universidad Livre do Meio Ambiente (Brazil); Universita di Roma """"La Sapienza""""; Université de Montréal; Université du Québec à Montréal -UQAM (UQAM); Université Laval; University of Guelph; University of Tokyo; University of Toronto (Canada); Ville de Montréal (Canada); Western Indian Ocean Marine Science Association (WIOMSA); Wetlands International (WI); Wildlife Conservation Society (WCS); World Agroforestry Centre (ICRAF); World Association of Zoos and Aquariums (WAZA); World Bank; World Future Council; World Health Organization (WHO); World Intellectual Property Organization (WIPO); World Organisation for Animal Health (OIE); World Wildlife Fund (WWF)"
Coastal Resilience Mapping Portal,Yes,"The Nature Conservancy (TNC); National Oceanic and Atmospheric Administration (NOAA); United Nations University, Natural Capital Project; Association of State Floodplain Managers; University of Southern Mississippi; UNited States Geological Survey (USGS); Microsoft; Esri; Azavea; Spatial Development International; Global Disaster Preparedness Center; the International Federation of the Red Cross; ISR"
Copernicus Marine Service,Yes,Horizon 2020; European Marine Observation and Data Network (EMODNet); EU4OceanObs; the European Space Agency (ESA); the European Organisation for the Exploitation of Meteorological Satellites (EUMETSAT); the European Centre for Medium-Range Weather Forecasts (ECMWF)
Coral Reef Sentinels Program,Yes,Smithsonian Institution; National Aeronautic and Space Administration (NASA) Ames; the Scripps Institution of Oceanography; the University of California San Diego; the California Academy of Science; Arizona State University; Conservation X Labs; Conservify; Waitt Institute; Smithsonian’s Healthy Reef Initiative.
Coral Triangle Atlas,Yes,"United States Agency for International Development (USAID); Coral Triangle Support Partnership (CTSP); The Nature Conservancy (TNC); Coral Triangle Initiative on Coral Reefs, Fisheries and Food Security (CTI-CFF); World Wildlife Fund (WWF); International Union for Conservation of Nature Global Marine Species Assessment (IUCN-GMSA); Wildlife Conservation Society (WCS); WorldFish; ReefBase"
Coriolis Ocean Database for Reanalysis,Yes,CORIOLIS Data Centre (DAC); SeaDataNet; EuroGOOS; MyOcean; Copernicus Marine Service
Deep Ocean Observing Strategy,Yes,"Advisory Board: OceanSITES; China; Ocean Observatories Initiative (OOI); InterRIDGE; Ocean Networks Canada (ONC); Consortium for Ocean Leadership (COL); Seabed 2030; International Seabed Authority (ISA); International Oceagraphic Data and Information Exchange, Ocean Data and Information System (IODE ODIS); Schmidt Ocean Institute; REV Oceans"
Deep-Ocean Stewardship Initiative,Yes,"Jeff Ardron, Commonwealth Secretariat, UK; Jon Copley, University of Southampton, UK; Judith Gobin University of the West Indies, Trinidad & Tobago; Maila Guilhon, University of Sao Paolo, Brazil; Baban Ingole, National Centre for Polar & Ocean Research, India; Se-Jong Ju, Korean Institute of Ocean Science and Technology, South Korea; Alan Leonardi, National Oceanic and Atmospheric Administration (NOAA) Office of Ocean Exploration & Research, USA; Hannah Lily, Hannah Lily Law, UK; Rose Lesley Kautoke, Government of the Kingdom of Tonga, Tonga; Anna Metaxas, Dalhousie University, Canada; Agnes Muthumbi, University of Nairobi, Kenya; Pei-Yuan Qian, Hong Kong University of Science and Technology, Hong Kong; Eva Ramirez-Llodra, NIVA, Norway & REV Ocean, Norway; Francesca Santoro, UNESCO-IOC, France; Julia Sigwart Queen's University, N. Ireland; Oliver Steeds, Nekton, UK; Torsten Thiele, LSE Institute of Global Affairs, London & Institute for Advanced Sustainability Studies, Germany & Global Ocean Trust founder; Alix Willemez, Global Environment Facility, Côte d'Ivoire"
Digital Twin of the Ocean,Yes,National Oceanography Centre; Mercator Ocean International; Fugro; Integrated Marine Observing System; National Oceans and Coastal Information Management System
Earth Observing System Data and Information System (EOSDIS) - Ocean Data,Yes,International Science Council (ISC) World Data System (WDS); Committee on Earth Observation Satellites (CEOS); CEOS WGISS Integrated Catalog (CWIC); Quality Assurance Framework for Earth Observaiton (QA4EO); United States Group on Earth Observations (USGEO); Earth Science Information Partners (ESIP); Federal Geographic Data Committee (FGDC); International Organization for Standardizaiton (ISO); Open Geospatial Consortium (OGC); Data.Gov; Climate Resiliency Toolkit; National Climate Assessment (NCA); National Oceanic and Atmospheric Administration (NOAA); United States Geological Survey (USGS)
EDF Fisheries Solution Center,Yes,None indicated
EMODnet,Yes,"Centre for Documentation, Research and Experimentation on Accidental Water Pollution (CEDRE); Istituto Nazionale di Geofisica e Vulcanologia, Sede di Bologna (INGV); Iv.Javakhishvili Tbilisi State University, Centre of Relations with UNESCO (UNESCO) Oceanological Research Centre and GeoDNA (TSU-DNA); A.N.D. International (AND); Albanian Geological Survey (AGS); Alfred Wegener Institute (AWI); Anguilla Community College (ACC); AZTI Tecnalia (AZTI); Balearic Islands Coastal Observing and Forecasting System (SOCIB); Baltic Sea Hydrographic Commission (BSHC); Belgian Marine Data Centre (RBINS-ODNATURE-BMDC); British Geological Survey (BGS); Center for Marine Environmental Sciences (MARUM); Centre for Environment, Fisheries and Aquaculture Science (CEFAS); Centre for Marine Sciences (CCMAR); Centro Tecnológico del Mar (CETMAR); CNR (CNR), Institute of Environmental Geology and Geoengineering (IGAG); COGEA; Conference of Peripheral Maritime Regions (CRPM); Coronis Computing SL (Coronis); Croatian Hydrographic Institute (HHI); CSIC-ICM/Institute of Marine Sciences (CSIC-ICM); Cyprus Geological Survey (GSD); Danish Centre for Environment and Energy (DCE); Danish Geodata Agency - Danish Hydrographic Office (GST); Danish Maritime Authority (DMA); Danube Delta National Institute (DDNI)"
eOceans,Yes,None indicated
FishBase,Yes,WorldFish; FAO; GEOMAR Helmholtz Centre for Ocean Research Kiel; Global Fisheries Cluster UBC; Museum National d'Histoire Naturelle; Royal Museum for Central Africa Tervuren; Swedish Museum of Natural History; Aristotle University of Thessaloniki; Chinese Academy of Fishery Sciences; Universidade Federal de Sergipe; University of Western Australia
Global Oceans Biodiversity Initiative (GOBI),Yes,"German Federal Agency for Nature Conservation (BfN); the International Union for Conservation of Nature (IUCN); the United Nations Environmental Programme (UNEP) World Conservation Monitoring Centre (WCMC); the Marine Conservation Biology Institute (MCBI); the Census of Marine Life; the Ocean Biogeographic Information System (OBIS); the Marine Geospatial Ecology Lab of Duke University (MGEL); Convention on Biological Diversity; Seascape consultants; Convention on Migratory Species (CMS); International Union for Conservation of Nature (IUCN); Duke Nicholas School of th Environment; Commonwealth Scientific and Industrial Research Organisation (CSIRO); BirdLife International; Tethys Research Institute; MarViva Foundation; French Biodiversity Agency (OFB); Science and Conservation of Fish Aggregations (SCRFA); United Nations University (UNU) Institute of Advanced Studies (IAS); National Institute of Water and Atmospheric Research (NIWA); Smithsonian Conservation Biology Institute; University of California Santa Cruz; University of Hawai'i; World Wildlife Fund (WWF); Sustainable FIsheries Partnership; Senckenberg; South African National Biodiversity Institute (SANBI); Old Dominion University; United Nations Freiburg; James Cook University; Departamento de Oceanografia e Pescas (DOP), Universidade Dos Acores; Food and Agriculture Organization (FAO); International Maritime Organization (IMO); International Seabed Authority; Northeastern University; Whale and Dolphin Conservation; Pacific Marine Analysis and Research Association (Pac MARA); San Fransisco State Estuary and Ocean Science Center; MigraMar; Sargasso Sea Commission; Universidad de Valparaiso Chile; WildOceans; Natural Resources Defense Council (NRDC); University of Aberdeen; Ocean Institute; Apex; Columbia University"
ICES Marine Data,Yes,"Scientific Committee on Oceanic Research (SCOR); North Atlantic Salmon Conservation Organization (NASCO); The United Kingdom of Great Britain and Northern Ireland; European Commission (EC) - DG ENV; European Commission (EC) - DG MARE; Republic of Iceland; North East Atlantic Fisheries Commission (NEAFC); Kingdom of Norway; Secretariat of the Convention on Biological Diversity; World Maritime University (WMU); Mediterranean Science Commission (CIESM); United Nations Education, Scientific, and Cultural Organization – Intergovernmental Oceanographic Commission (UNESCO-IOC); General Fisheries Commission in the Mediterranean (GFCM); The North Atlantic Marine Mammal Commission (NAMMCO); International Arctic Science Committee (IASC); BONUS; National Oceanographic Data Center of the USA (NODC); World Organisation for Animal Health (Oie); The Convention for the Protection of the marine Environment of the North-East Atlantic (OSPAR); Baltic Marine Biologists; The European Environment Agency (EEA); International cooperation in the development and maintenance of the Fisheries Resources Monitoring System (FIRMS); Northwest Atlantic Fisheries Organization (NAFO); The North Pacific Marine Science Organization (PICES); Food and Agriculture Organization of the United Nations (FAO); European Aquaculture Society (EAS); Statistical Office of the European Communities (EUROSTAT); Baltic Marine Environment Protection Commission (HELCOM); Government of Denmark and the Home Governments of the Faroe Islands and of Greenland"
iMarine Gateway,Yes,Food and Agriculture Organization of the United Nations (FAO); Italy's National Research Council (CNR)
International Comprehensive Ocean-Atmospheric Data Set,Yes,National Oceanic and Atmospheric Administration (NOAA); the National Science Foundation's National Center for Atmospheric Research (NCAR)
International Fisheries Innovation Network,Yes,University of California Santa Barbara (UCSB); University of Washington (UW); Environmental Defense Fund (EFD)
International Group for Marine Ecological Time Series,Yes,Intergovernmental Oceanographic Commission of UNESCO (IOC); the International Ocean Carbon Coordination Project (IOCCP) and the Ocean Carbon and Biogeochemistry Program (OCB); Korea Institute of Ocean Science and Technology; PICES; ICES-CIEM; National Oceanic and Atmospheric Association (NOAA)
IOC Ocean Data and Information System,Yes,Tara Ocean Foundation
International Seabed Authority DeepData Database,No,None indicated
Land+Ocean Data,Yes,The Lawrence Berkeley National Laboratory (Berkeley Lab); Future 500; Aclima; Federation of American Scientists (FAS); Global Footprint Network (GFN); International Energy Agency (IEA); Met Office Hadley Centre for Climate Science and Services; National Aeronautics and Space Administration (NASA); National Oceanic and Atmospheric Administration (NOAA); U.S. Energy Information Administration (EIA)
Litterbase,No,None indicated
Lloyds List intelligence (seasearcher),No,None indicated
Mapping Application for Penguin Populations and Projected Dynamics,Yes,Penguin Watch; Black Bawks data science; The Lynch Lab; Oceanites; C3
Marine Ecological Research Management AID,Yes,Wildlife Conservation Society (WCS); World Wildlife Foundation (WWF); Sparkgeo
Marine Geoscience Data System,Yes,"U.S. Antarctic Program (USAP), the Ridge 2000 and MARGINS programs; Global Multi-Resolution Topography (GMRT) Synthesis; GeoMapApp; US Antarctic Program Data Center (USAP-DC); Rolling Deck to Repository (R2R) Program"
Marine Life 2030: A Global Integrated Marine Biodiversity Information Management and Forecasting System for Sustainable Development and Conservation,Yes,University of South Florida; University of Porto; Hokkaido University; Memorial University of Newfoundland; Nord University; and School of Environment; St. George's University; University of the West Indies; University of the South Pacific; University of Ryukyus; University of Malaya; University of Gothenburg; Tara Oceans Consortium; Universiti Malaysia Terengganu; Universidade Federal do Espirio Santo; Institute of Coastal Research; National University of Ireland Galway (NUI Galway); GEOMAR Helmholtz Centre for Ocean Research Kiel; Global Seaweeds Coastal Futures; Scripps Institution of Oceanography; University of Alabama Huntsville; University of California Merced; Oregon State University; University of Alaska Fairbanks; Monterey Bay Aquarium Research Institute; University of California Santa Barbara; University of Maine; University of Maryland Center for Environmental Science; Northeastern University; Universidad Nacional Autonoma de Mexico; University of Miami; University of Washington; Ocean Carbon & Biogeochemistry (OCB) Project Office Woods Hole Oceanographic Institution; University of Maine; MPI for Marine Microbioligy; Celsiusstr; Senckenberg Research Institute and Natural History Museum; University of Edinburgh; Lehigh University; UNESCO Intergovernmental Oceanographic Commission; UN Environment Programme World Conservation Monitoring Centre (UNEP-WCMC); Global Biodiversity Information Facility (GBIF); GEO Blue Planet Secretariat; Atlantic International Research Centre; Parque de Ciencia e Tecnologia de Ilha Terceira (TERINOV); International Union for Conservation of Nature (IUCN); Migramar; Ocean Data Platform; REV Ocean; Schmidt Ocean Institute; Group on Earth Observations Biodiversity Observation Network (GEO BON); CORDIO East Africa; Fundacion La Salle de Ciencias Naturales de Venezuela (FLASA)
Marine Observing Network for the Group on Earth Observations - Biodiversity Observing Networks (GEO-BON) - NAME CHECK NEEDED,Yes,Group on Earth Observations; Global Biodiversity Information Facility (GBIF);International Barcode of Life (iBOL); Intergovernmental Platform on Biodiversity and Ecosystem Services (IPBES); European Space Agency (ESA); IUCN; US National Aeronautics and Space Administration (NASA)
Marine Protection Atlas,Yes,MissonBlue; Sea Legacy; Antarctic and Southern Ocean Coalition; WildAid; High Seas Alliance; Oceanic Global; deepsea conservation coalition; Seattle Aquarium; GOBI; Conservation Alliance for Seafood Solutions; Antarctic Ocean Alliance; CARTODB; Conservation International; ESRI; National Geographic; Global Penguin Society; GreenPeace; OCEANA; Ocean Conservancy; PEW Charitable Trusts; MedPan; WWF; Open Channels; The Nature Conservancy; National Marine Protected Areas Center; WCS; Benioff Ocean Initiative; UNEP/WCMC; Bitonga Divers; Blue Prosperity Coalition; ZSL; Earth Law Center; Oneworld Oneocean.com; Canadaian Parks and Wilderness Society- British Columbia Center; Fundacion Rompientes; Global Conservation; IUCN; OceanRevolution; Jnana Foundation; EMAHO films; Linking Tourism and Conservation (LT&C); Pacific Environment; Turtle Island Restoration Network; Heirs to Our Oceans; Blue Sphere Foundation; Global Ocean Trust; Blue Halo Initiative; Global Penguin Society; MARE; Ocean Unite; Sevenseasmedia.org; MarViva; Sinazulnohayverde CLT; SKYTRUTH; sharkstewards.org; WDPA; Sargasso Sea Alliance.
MitoFish,No,None indicated
NOAA U.S. Seafood Import Monitoring Program,No,None indicated
Ocean Biogeographic Information System (OBIS),Yes,IOC-UNESCO’s (UNESCO) International Oceanographic Data and Information (IODE) programme; Global Biodiversity Information Facility (GBIF); TDWG DATA QUALITY INTEREST GROUP; GOOS; GEOBON MBON; EurOBIS; Antarctic OBIS; Ocean Tracking Network (OTN) and the Integrated Marine Observing System (IMOS); Animal Tracking Facility (ATF) have nodes in: Caribbean; Brazil; Sub-Saharan Africa; Senegal; Argentina; Japan; Antartic; Australia; Kenya; Black Sea; Arctic; Malaysia; Canada; UK; China; Eastern South Pacific; Europe; Colombia; USA; India; South Pacific; Persian Gulf and Gulf of Oman; Indonesia; Mediterranean; South-East Asia; South-West Pacific
Ocean + library,Yes,Proteus
Ocean Data Platform,Yes,Accenture; Aker ASA; Aker Biomarine; AkerBP; AkerHorizon; Aker Solutions; BAHR; Cognite; Global Fishing Watch; International Oceanographic Data and Information Exchange (IODE); Mærsk Mc-Kinney Møller Center for Zero Carbon Shipping (MMMCZCS); Mercuria; Microsoft; Confederation for Norwegian Enterprise (NHO); The North Alliance (NoA); Norwegian University of Science and Technology (NTNU); OPS Sjømat; SINTEF Ocean; University of Tromsø (UIT); Vanora; World Economic Forum
Ocean Data View,No,None indicated
Ocean Tracking Network,Yes,Dalhousie University; Nunavut; The Confederacy of Mainland Mi'kmaq
OceanDataLab,Yes,Space Oceanography Laboratory at French Research Institute for Exploitation of the Sea (IFREMER)
oceanmind,Yes,Conservation International; Fauna and Flora international; Microsoft; The Royal Thai Government; The Seafood Taskforce; Sainsbury's
OceanPredict,Yes,Bureau of Meterorology; Centro Euro-Mediterraneo sui Cambiamenti Climatici (CMCC); Centre de National d'Eutes Spatiales (CNES); Canadian Operational Network of Coupled Environmental Prediction Systems (CONCEPTS); Commonwealth Scientific and Industrial Research Organization (CSIRO); European Organization for the Exploitation of Meteorological Satellites (EUMETSAT); European Space Agency (ESA); Korea Hydrographic and Oceanic Society (KHOA); Korea Institute of Ocean Science and Technology (KIOST); French Research Institute for Exploitation of the Sea (IFREMER); Indian National Center for Ocean Information Services (INCOIS); Met Office; Mercator Ocean International; Meteorological Research Institute (MRI); Japan Meteorological Agency (JAM); National Aeronautics and Space Administration (NASA); Nansen Environmental and Remote Sensing Center (NERSC); National Marine Environmental Center of State Oceanic Administration (SOA-NMEFC); National Oceanic and Atmospheric Administration (NOAA); Rede de Mooelagem e Observacao Oceanografica (REMO)
OceanSITES,Yes,"University of Bergen (UiB) Geophysical Institute, NO; CCHDO CLIVAR and Carbon Hydographic Office, USA; CDIAC Carbon Dioxide Information Analysis Center, USA; EUROSITES EuroSites project, EU; GEOMAR Helmholtz Centre for Ocean Research Kiel; IMOS Integrated Marine Observing System, AU; INCOIS Indian National Centre for Ocean Information Services; JAMSTEC Japan Agency for Marine-Earth Science and Technology; MBARI Monterey Bay Aquarium Research Institute, USA; MEDS Marine Environmental Data Service, Canada; NDBC National Data Buoy Center, USA; NIOZ Royal Netherlands Institute for Sea Research, NL; NOCS National Oceanography Centre, Southampton UK; PMEL Pacific Marine Environmental Laboratory, USA; SIO Scripps Institution of Oceanography, USA; UH University of Hawaii, USA; WHOI Woods Hole Oceanographic Institution, USA; UNESCO’s Global Ocean Observing System (GOOS); Global Earth Observing System of Systems (GEOSS); Climate Variability and Predictability project (CLIVAR) of the World Climate Research Program (WCRP); Partnership for Observation of the Global Oceans (POGO); Ocean Observations Panel for Climate (OOPC)"
odinafrica,Yes,International Oceanographic Data and Information Exchange Program (IODE); Intergovernmental Oceanographic Commission (IOC); Nairobi Convention; Western Indian Ocean Marine Science Association (WIOMSA); Marine and Coastal Operations for Southern Africa (MarCOSouth); Coastal Oceans Research and Development (CORDIO); United Nations Environment Program (UNEP); Regional Centre for Mapping of Resources for Development; Biodiversity and Protected Areas Management (BIOPAMA)
One Ocean Network for Deep Observation,Yes,French Research Institute for Exploitation of the Sea (IFREMER); Japan Agency for Marine-Earth Science and Technology (JAMSTEC); European Multidisciplinary Seafloor Observatory (EMSO); Ocean Networks Canada
Ocean Observatories Initiative - National Science Foundation funded (OOI),Yes,Woods Hole Oceanographic Institution (WHOI); University of Washington; Oregon State University
Our Shared Seas,Yes,CEA Consulting; Center for Biodiversity and Conservation
Pacific Islands Forum Fisheries Agency Regional Fisheries Surveillance Center ,Yes,Secretariat of the Pacific Community (SPC); Pacific Islands Forum Secretariat (FORSEC); South Pacific Regional Environmental Programme (SPREP); South Pacific Applied Geoscience Commission (SOPAC); Pacific Islands Development Programme (PIDP); South Pacific Tourism Organization (SPTO); University of the South Pacific (USP); Pacific Islands Law Officer Network (PILON); Western and Central Pacific Fisheries Commission (WCPFC); Parties of the Nauru Agreement (PNA); Te Vaka Moana (TVM)
PANGAEA,Yes,International Science Council (ISC); Baseline Surface Radiation Netowrk (BSRN); World Meteorological Organization
Pew Charitable Trust ‘Eyes on the Sea’,Yes,Satellite Applications Catapult
POGO (Partenrship for Observation of the Global Ocean - Nippon Foundation),Yes,"French Research Institute for Exploitation of the Sea (IFREMER); Marine Information Service (MARIS); British Oceanographic Data Centre (BODC); Bundesamt fur Seeschiffart und Hydrographie (BSH); Swedish Meteorological and Hydrological Institute (SMHI); Spanish Oceanograhpic Institute (IEO); Hellenic Centre for Marine Research, Institute of Oceanography (HCMR/IO); National Institute of Oceanography and Applied Geophysics (OGS); All-Russia Research Institute of Hydrometeorological Information - World Data Center (RIHMI-WDC); National Agency for New Technologies, Energy and Sustainable Economic Development (ENEA); National Institute of Geophysics and Volcanology (INGV); Middle East Technical University Institute of Marine Sciences (METU-IMS); Alfred-Wegener-Institute for Polar- and Marine Research; University of Liege; Institute of Marine Research; Aarhus University; International Council for Exploraiton of the Sea (ICES); Institute for Environmenta nad Sustainability (IES); Marine Institute (MI); International Hydrographic Organization (IHO); Royal Netherlands Institute for Sea Research (NIOZ); Royal Belgian Institute of National Sciences (RBINS); Flanders Marine Institute (VLIZ); Marine and Freshwater Research Institute (MFRI); Finnish Meteorological Institute (FMI); Institute of Meteorology and Water Management (IMGW); Marine Systems Institute (MSI); Latvian Institute of Aquatic Ecology (LHEI); Shirshov Institute of Oceanology of Russian Academy of Sciences (SIO-RAS); Institute of Oceanology of Bulgarian Academy of Sciences (IO-BAS); National Institute for Marine Research and Development (NIMRD); Georgian Designated National Agency (GeoDNA); Institute of Oceanography and Fisheries (IOF); National Institute of Biology (NIB); International Ocean Institute - Malta Operational Centre at University Of Malta; Israel Oceanographic and Liminological Research Institute (IOLR); CNR, Consiglio Nazionale delle Ricerche- Istituto per lo Studio del MARe (CNR); Institute of Oceanology, Polish Academy of Sciences (IO-PAN); Spanish National Research Council (CSIC); Deltares; Finnish Environmental Institute (SKYE); Ukranian Scientific Center for Ecology of the Sea (UkrSCES); ETT Solutions; Intergovernmental Oceanographic Commission of UNESCO (UNESCO) (IOC) (GOOS); German Climate Computing Center (DKRZ); Cineca; CSC - IT Center for Science; Science and Technology Facilities Council (STFC); Greek Research and Technology Network (GRNET); University of Bergen (UiB); Helmholtz Centre for Ocean Research Kiel (GEOMAR); 52°North Initiative for Geospatial Open Source Software GmbH; Shom; ORION Joint Research and Development Center; Mediterranean Institute of Oceanography; Oceanic and Continental Environments and Paleoenvironments (EPOC); University of Bologna, Environmental Science Laboratory"
Ram Legacy Stock Assessment Database,Yes,Census of Marine Life; Canadian Foundation for Innovation; National Center for Ecological ANalysis and Synthesis (NCEAS); National Sciences and Engineering Research Council of Canada (NSERC); Smith Conservation Research Fellowship; National Science Foundation
ReefBase,Yes,"Agence pour la Recherche et la Valorisation Marines; Atlantic and Gulf Rapid Reef Assessment; Australian Institute of Marine Science; Caribbean Coastal Marine Productivity Program; Centre de Recherches Insulaires et Observatoire de l'Environnement (CRIOBE-EPHE); Climate Change, Agriculture and Food Security; Conservation International; Coordinating Body on the Seas of East Asia; Coral Cay Conservation; Coral Reef Degradation in the Indian Ocean; Coral Reef Initiative for the South Pacific; Demis; FishBase; Global Coral Reef Monitoring Network; Global Vision International; Institute de Recherche pour le developpement; Institute for Marine Remote Sensing; Institute of Marine Resources; International Coral Reef Action Network; International Coral Reef Initiative; International Society for Reef Studies; International Waters Learning Exchange and Resource Network (IW:LEARN); International Year of the Reef; Japan Wildlife Research Center; Locally Managed Marine Area Network; MPA Global; NASA; National Oceanic & Atmospheric Administration (NOAA); Reef Check; Reef Relief; Secretariat of the Pacific Community; South Pacific Regional Environment Program; The Nature Conservancy; The WorldFish Center; United Nations Environment Programme; World Conservation Monitoring Centre; World Resources Institute; World Wildlife Fund"
Sea Around US,Yes,University of Western Australia; FishBase; SeaLifeBase; The Pew Charitable Trusts; Paul M. Angell Family Foundation; Global Greengrants Fund; Vulcan Inc.; Fisheries Economics Research Unit; Changing Ocean Research Unit; The MAVA Foundation; The Oak Foundation; NEREUS; National Geographic; Convention on Biological Diversity; Baltic 2020; Global Aquaculture Performance Index; Oceana
Seabird Tracking Database,Yes,"Global Ocean Biodiversity Initiative; Federal Ministry for the Environment, Nature Conservation, Building and Nuclear Safety; Darwin Initiative, European Commission, Birdfair; Cambrdige Conservation Initiative; MAVA Fondation Pour la Nature; Royal Society for the Protection of Birds; Pew Charitable Trusts; 4ocean"
SeaDataNet,Yes,"French Research Institute for Exploitation of the Sea (IFREMER); Marine Information Service (MARIS); British Oceanographic Data Centre (BODC); Bundesamt fur Seeschiffart und Hydrographie (BSH); Swedish Meteorological and Hydrological Institute (SMHI); Spanish Oceanograhpic Institute (IEO); Hellenic Centre for Marine Research, Institute of Oceanography (HCMR/IO); National Institute of Oceanography and Applied Geophysics (OGS); All-Russia Research Institute of Hydrometeorological Information - World Data Center (RIHMI-WDC); National Agency for New Technologies, Energy and Sustainable Economic Development (ENEA); National Institute of Geophysics and Volcanology (INGV); Middle East Technical University Institute of Marine Sciences (METU-IMS); Alfred-Wegener-Institute for Polar- and Marine Research; University of Liege; Institute of Marine Research; Aarhus University; International Council for Exploraiton of the Sea (ICES); Institute for Environmenta nad Sustainability (IES); Marine Institute (MI); International Hydrographic Organization (IHO); Royal Netherlands Institute for Sea Research (NIOZ); Royal Belgian Institute of National Sciences (RBINS); Flanders Marine Institute (VLIZ); Marine and Freshwater Research Institute (MFRI); Finnish Meteorological Institute (FMI); Institute of Meteorology and Water Management (IMGW); Marine Systems Institute (MSI); Latvian Institute of Aquatic Ecology (LHEI); Shirshov Institute of Oceanology of Russian Academy of Sciences (SIO-RAS); Institute of Oceanology of Bulgarian Academy of Sciences (IO-BAS); National Institute for Marine Research and Development (NIMRD); Georgian Designated National Agency (GeoDNA); Institute of Oceanography and Fisheries (IOF); National Institute of Biology (NIB); International Ocean Institute - Malta Operational Centre at University Of Malta; Israel Oceanographic and Liminological Research Institute (IOLR); CNR, Consiglio Nazionale delle Ricerche- Istituto per lo Studio del MARe (CNR); Institute of Oceanology, Polish Academy of Sciences (IO-PAN); Spanish National Research Council (CSIC); Deltares; Finnish Environmental Institute (SKYE); Ukranian Scientific Center for Ecology of the Sea (UkrSCES); ETT Solutions; Intergovernmental Oceanographic Commission of UNESCO (IOC GOOS); German Climate Computing Center (DKRZ); Cineca; CSC - IT Center for Science; Science and Technology Facilities Council (STFC); Greek Research and Technology Network (GRNET); University of Bergen (UiB); Helmholtz Centre for Ocean Research Kiel (GEOMAR); 52°North Initiative for Geospatial Open Source Software GmbH; Shom; ORION Joint Research and Development Center; Mediterranean Institute of Oceanography; Oceanic and Continental Environments and Paleoenvironments (EPOC); University of Bologna, Environmental Science Laboratory"
Seafood Alliance for Legality and Traceability,Yes,"United States Agency for International Development (USAID); The David and Lucile Packard Foundation; Gordon and Betty Moore Foundation; Walton Family Foundation; FishWise Advisory Committee: USAID; Walton Family Foundation; The David and Lucile Packard Foundation; Gordon and Betty Moore Foundation; Center for Strategic International Studies (CSIS); Department of Labor in the International Labor Affairs Bureau; Environmental Justice Foundation (EJF); Embassy of Japan; Fisheries Transparency Initiative (FiTI); Francisco Blaha, Independent Expert; Future of Fish; Global Tuna Alliance; Iberostar; Marine Stewardship Council (MSC); National Oceanic and Atmospheric Administration (NOAA); Philippines Bureau of Fisheries and Aquatic Resources; Richard Stavis, Independent Expert; United States Department of State; Virgil Group; World Benchmarking Alliance (WBA); World Wide Fund for Nature (WWF)"
Seafood Watch,Yes,Conservation Alliance for Seafood Solutions; Global Seafood Ratings Alliance; Certification & Ratings Collaboration
SeaVision - US Navy/ US Department of Transportation,Yes,Battlespace Awareness and Information Operations; US Department of Transportation (USDOT); US Fleet Forces Command; Naval Information Warfare Center (NWIC); National Oceanographic and Atmospheric Administration (NOAA); Department of Homeland Security (DHS); Association of Southeast Asian Nations (ASEAN); Naval Cooperation and Guidance for Shipping (NCAGS)
State of the world's sea turtles,Yes,Oceanic Society; OBIS-Sea Map at Duke University; IUCN (IUCN) SSC Marine Turtle Specialist Group
Sustainability of Marine Ecosystems through global knowledge networks (SMARTNET),Yes,"OCEAN DECADE PARTNERS: Norway; Sweden; Korea Institute of Ocean Science and technology (KIOST); Ministry of Education, Culture, Sports, Science and Technology (MEXT); Portugal; REV Ocean; Panerai; Fugro; Fisheries and Oceans Canada (DFO)"
The Fishery Improvement Projects Database,No,None indicated
The Hydrous presents: The Decade of Ocean Empathy,Yes,The Smithsonian; National Science Foundation (NSF); Stanford University; Adobe; Meridian Treehouse
The Nippon Foundation-GEBCO Seabed 2030 Project,Yes,General Bathymetric Chart of the Oceans (GEBCO); International Hydrographic Association (IHO); UNESCO Intergovernmental Oceanographic Commission
Traseable,Yes,World Wildlife Fund (WWF); Pacific Community; Consultative Group on International Agricultural Research (CGIAR); Technical Centre for Agricultural and Rural Cooperation (CTA)
UNEP World Conservation Monitoring Centre Ocean Data Viewer,Yes,Ocean+
UNESCO International Oceanographic Data and Information Exchange (IODE),Yes,International Association of Aquatic and Marine Science Libraries and Information Centers (IAMSLIC); International Council for Science (ICSU); Scientific Community on Oceanic Research (SCOR); Harmful Algal Bloom Program (HAB); Research Data Alliance (RDA); World Meteorological Organization (WMO)
UNESCO IODE Ocean Data Portal,Yes,Federal Service for Hydrometeorology; Environmental Monitoring of the Russian Federation (Roshydromet); Joint WMO-IOC Technical Commission for Oceanography and Marine Meteorology (JCOMM); SeaDataNet (SDN); Global Earth Observation System of System (GEOSS); IODE/JCOMM Expert Group for Data Management Practices (ETDMP)
Universeum Ocean Science Lab,Yes,SKF; Saab Automobile; Volvo; Instalco; AstraZeneca; Carl Bennet Ab; Elanders Group; Getinge Enfo; Morris Law; APS; AI Sweden; Stockholm Resilience Centre; Stockholm University Collaboration Actors: Vastra-Gotaland Regional Council; Gothenburg Municipality; Skolverket
World Ocean Atlas,Yes,National Oceanic and Atmospheric Administration (NOAA) National Centers for Environmental Information; World Ocean Database
World Ocean Database - NOAA National Centers for Environmental Information,Yes,National Oceanic and Atmospheric Administration (NOAA) Centers for Environmental Information; World Ocean Atlas
World Register of Marine Species,Yes,Global Biodiversity Information Facility (GBIF); European Ocean Biodiversity System (EurOBIS); Ocean Biodiversity System (OBIS); European Marine Observation and Data Network (EMODnet)
WWF DETECT - IT,Yes,Hewlett-Packard Enterprises (HP)